C_per_task,Fl_acc,Ef_acc,Es_acc,C_median_pos_in_task,bench,tau,seed,replay,C_acc,Bm_acc,Dr_acc,C_bwt,Bm_bwt,Dr_bwt
60/30/28/122,0.8656,0.1944,0.8687,139.5,split,0.5,10,240,0.877,0.8688,0.8224,-0.1468,-0.1501,-0.2151
20/57/35/59,0.8416,0.1972,0.8035,124,split,0.5,11,171,0.861,0.7814,0.7953,-0.1636,-0.2594,-0.2491
21/19/24/52,0.8061,0.2192,0.6857,91.5,split,0.5,12,116,0.8496,0.7785,0.8522,-0.1844,-0.2769,-0.1708
21/22/27/49,0.8114,0.1915,0.8686,84,split,0.5,13,119,0.8905,0.8168,0.866,-0.1299,-0.2184,-0.1534
30/58/69/83,0.828,0.1972,0.8415,95.0,split,0.5,14,240,0.8387,0.8524,0.8331,-0.1913,-0.1742,-0.1949
22/23/21/48,0.822,0.1972,0.8138,84.0,split,0.5,15,114,0.7701,0.7048,0.6855,-0.2838,-0.362,-0.3862
23/15/22/52,0.8635,0.1972,0.7842,94.0,split,0.5,16,112,0.9123,0.8469,0.8796,-0.0886,-0.1809,-0.14
18/26/25/30,0.8521,0.1944,0.8495,74,split,0.5,17,99,0.7702,0.7568,0.8441,-0.27,-0.2936,-0.1846
37/27/35/78,0.8411,0.1944,0.877,109,split,0.5,18,177,0.8769,0.7871,0.8195,-0.1366,-0.2522,-0.2083
18/22/27/55,0.8416,0.1972,0.7953,96.5,split,0.5,19,122,0.8633,0.8307,0.7406,-0.1502,-0.1979,-0.3071
47/21/17/54,0.8769,0.1972,0.7512,119,split,0.75,10,139,0.8357,0.817,0.7566,-0.1914,-0.2218,-0.2973
14/34/21/52,0.8391,0.2,0.7351,104,split,0.75,11,121,0.817,0.8143,0.8389,-0.215,-0.2253,-0.1945
15/12/23/39,0.8006,0.2,0.664,84,split,0.75,12,89,0.7815,0.7513,0.6038,-0.2731,-0.3109,-0.4919
14/17/17/34,0.8413,0.1915,0.833,71.5,split,0.75,13,82,0.7757,0.7622,0.8469,-0.2733,-0.2902,-0.1843
27/36/31/88,0.8332,0.1972,0.8741,116.5,split,0.75,14,182,0.8468,0.8115,0.7458,-0.1811,-0.2254,-0.3074
18/22/16/44,0.7702,0.1972,0.8004,81.5,split,0.75,15,100,0.8386,0.7703,0.691,-0.1911,-0.2801,-0.3794
16/12/14/35,0.787,0.1972,0.6697,69,split,0.75,16,77,0.8171,0.7842,0.8031,-0.2181,-0.2662,-0.2426
13/19/19/22,0.7977,0.1972,0.7816,64,split,0.75,17,73,0.8035,0.7676,0.8222,-0.2387,-0.2836,-0.2084
29/19/24/60,0.8058,0.1944,0.7433,101.5,split,0.75,18,132,0.8498,0.7893,0.7348,-0.1738,-0.2496,-0.3211
13/15/19/37,0.8091,0.1972,0.7733,76.5,split,0.75,19,84,0.8361,0.7705,0.6367,-0.1912,-0.2731,-0.4404
19/22/13/44,0.8497,0.1972,0.6307,86.5,split,1.0,10,98,0.7866,0.7517,0.7458,-0.2563,-0.2999,-0.3109
12/21/14/31,0.7595,0.2,0.705,84.0,split,1.0,11,78,0.8364,0.7267,0.7598,-0.1841,-0.3348,-0.2968
12/12/16/28,0.7625,0.2027,0.5957,79.0,split,1.0,12,68,0.7704,0.6775,0.4457,-0.287,-0.3997,-0.6929
11/15/14/32,0.8248,0.1859,0.8001,71.5,split,1.0,13,72,0.7045,0.7017,0.7896,-0.3518,-0.3588,-0.2595
24/26/20/57,0.8006,0.1972,0.855,104,split,1.0,14,127,0.8359,0.8114,0.7212,-0.1983,-0.2288,-0.3415
16/18/12/35,0.773,0.1972,0.5383,74,split,1.0,15,81,0.817,0.7132,0.5847,-0.2183,-0.3515,-0.5019
13/11/13/24,0.7735,0.1972,0.6395,59,split,1.0,16,61,0.705,0.6887,0.7596,-0.3652,-0.3856,-0.297
10/19/18/19,0.7842,0.1972,0.7404,66.5,split,1.0,17,66,0.6856,0.7132,0.795,-0.3794,-0.3516,-0.2423
21/13/16/35,0.7566,0.1944,0.7045,79,split,1.0,18,85,0.7948,0.705,0.6308,-0.2426,-0.3584,-0.4478
11/13/12/30,0.8031,0.1972,0.7214,71.5,split,1.0,19,66,0.768,0.7162,0.6041,-0.2729,-0.3446,-0.4813
11/12/9/27,0.7181,0.1972,0.4807,69,split,1.5,10,59,0.8141,0.6552,0.4834,-0.2219,-0.4241,-0.6387
8/13/10/18,0.7324,0.2,0.5112,84,split,1.5,11,49,0.7378,0.5932,0.4948,-0.3209,-0.5051,-0.6281
7/7/13/20,0.6666,0.2082,0.5681,74,split,1.5,12,47,0.6475,0.5817,0.3394,-0.4407,-0.5229,-0.8258
8/10/10/18,0.6859,0.1915,0.4752,69.0,split,1.5,13,46,0.5298,0.5464,0.6744,-0.5807,-0.5565,-0.4035
18/17/12/37,0.8031,0.1972,0.7187,76.5,split,1.5,14,84,0.7978,0.7406,0.694,-0.2459,-0.3173,-0.3756
12/11/10/19,0.6991,0.1944,0.4999,66.5,split,1.5,15,52,0.5707,0.598,0.5408,-0.5263,-0.4956,-0.5704
8/7/9/14,0.6749,0.1972,0.5193,61.5,split,1.5,16,38,0.5793,0.5437,0.4589,-0.5223,-0.5669,-0.6728
7/11/10/16,0.6857,0.1944,0.6749,61.5,split,1.5,17,44,0.5819,0.6256,0.5902,-0.5122,-0.4611,-0.5018
13/9/10/26,0.6939,0.1944,0.5845,76.5,split,1.5,18,58,0.6117,0.5791,0.5711,-0.4749,-0.5156,-0.5223
8/8/7/21,0.6912,0.2,0.6615,74.0,split,1.5,19,44,0.5771,0.6202,0.5873,-0.5252,-0.461,-0.5055
7/10/7/17,0.6252,0.1972,0.4673,79,split,2.0,10,41,0.598,0.4972,0.4456,-0.4989,-0.6215,-0.686
6/9/8/14,0.604,0.2,0.4809,79,split,2.0,11,37,0.582,0.5028,0.4593,-0.5192,-0.6181,-0.6724
5/6/9/13,0.5764,0.2,0.5053,69,split,2.0,12,33,0.4916,0.3662,0.2849,-0.6355,-0.7922,-0.8938
6/8/7/16,0.6691,0.1859,0.5054,74,split,2.0,13,37,0.53,0.5027,0.6933,-0.5734,-0.6076,-0.3693
14/14/8/23,0.7347,0.1972,0.5956,84,split,2.0,14,59,0.6612,0.6639,0.6311,-0.3895,-0.4132,-0.4543
10/9/7/16,0.5845,0.1972,0.3991,74.0,split,2.0,15,42,0.5244,0.5817,0.4864,-0.5875,-0.5159,-0.635
6/5/7/10,0.5763,0.1972,0.4921,64.0,split,2.0,16,28,0.5548,0.4264,0.4206,-0.553,-0.7135,-0.7208
5/10/7/11,0.6446,0.1944,0.5929,64,split,2.0,17,33,0.4727,0.5275,0.4843,-0.6218,-0.5837,-0.6377
8/6/8/19,0.6038,0.1944,0.5491,79,split,2.0,18,41,0.6771,0.5028,0.5381,-0.3898,-0.6076,-0.5601
6/7/8/15,0.6255,0.1972,0.612,81.5,split,2.0,19,36,0.5409,0.5188,0.5793,-0.5636,-0.5878,-0.5156
13/32/135/60,0.7819,0.5066,0.7423,177.5,perm,0.5,10,240,0.75,0.7599,0.7626,-0.2157,-0.206,-0.1999
7/30/143/60,0.7473,0.5687,0.7868,134.0,perm,0.5,11,240,0.7901,0.744,0.7599,-0.1765,-0.2383,-0.206
3/11/165/61,0.8077,0.5791,0.7868,202.5,perm,0.5,12,240,0.7929,0.7665,0.8115,-0.1923,-0.2246,-0.1717
5/33/141/61,0.7863,0.4874,0.7802,180.5,perm,0.5,13,240,0.7868,0.756,0.7698,-0.1724,-0.2109,-0.1985
5/3/29/15,0.7637,0.6192,0.739,129.5,perm,0.5,14,52,0.7478,0.7418,0.7599,-0.2445,-0.2548,-0.2321
3/67/110/60,0.7692,0.556,0.7621,112.5,perm,0.5,15,240,0.7621,0.744,0.7429,-0.2109,-0.2239,-0.2308
2/2/10/89,0.7588,0.644,0.7725,161,perm,0.5,16,103,0.7874,0.7478,0.7819,-0.1951,-0.2479,-0.2005
2/7/146/16,0.7654,0.5956,0.7324,205,perm,0.5,17,171,0.7302,0.7571,0.733,-0.2356,-0.1978,-0.2363
60/22/98/60,0.7615,0.6132,0.7813,154.5,perm,0.5,18,240,0.7819,0.7462,0.7918,-0.1861,-0.2315,-0.1717
1/12/20/41,0.7824,0.6527,0.7868,122.5,perm,0.5,19,74,0.7885,0.7571,0.7643,-0.2033,-0.2266,-0.2246
3/14/7/36,0.7088,0.5165,0.7269,120.0,perm,0.75,10,60,0.7346,0.7143,0.7159,-0.2473,-0.2761,-0.2692
2/3/25/99,0.7593,0.5544,0.783,211,perm,0.75,11,129,0.8016,0.7418,0.7473,-0.1614,-0.2493,-0.2383
3/3/10/17,0.7659,0.6286,0.8121,69,perm,0.75,12,33,0.7978,0.7121,0.7291,-0.1916,-0.296,-0.2788
1/10/13/18,0.7192,0.5082,0.7308,180.5,perm,0.75,13,42,0.7577,0.7038,0.6857,-0.2205,-0.2768,-0.2981
1/1/24/4,0.7582,0.5659,0.7038,103.5,perm,0.75,14,30,0.6846,0.6973,0.7555,-0.3304,-0.3146,-0.2431
1/4/10/11,0.7143,0.4753,0.6753,99.5,perm,0.75,15,26,0.6835,0.6885,0.6698,-0.3091,-0.2995,-0.3317
3/0/4/93,0.783,0.6297,0.7484,210.5,perm,0.75,16,100,0.7632,0.7626,0.772,-0.2205,-0.2328,-0.2143
2/4/20/8,0.6995,0.6088,0.7313,141.5,perm,0.75,17,34,0.6857,0.6934,0.6484,-0.3036,-0.2953,-0.3434
58/4/99/79,0.7615,0.5802,0.7599,229.5,perm,0.75,18,240,0.7582,0.7462,0.7918,-0.215,-0.2315,-0.1717
1/6/10/10,0.7385,0.6555,0.7522,169,perm,0.75,19,27,0.7451,0.7088,0.7192,-0.2493,-0.2864,-0.2809
2/6/4/20,0.6835,0.4791,0.6769,124.0,perm,1.0,10,32,0.6978,0.6269,0.6429,-0.2967,-0.3743,-0.3537
0/1/9/60,0.7352,0.5714,0.7582,219.5,perm,1.0,11,70,0.7582,0.7011,0.756,-0.2198,-0.2946,-0.2266
2/3/11/10,0.7022,0.6126,0.7484,141.5,perm,1.0,12,26,0.7324,0.7203,0.7198,-0.2624,-0.2823,-0.2864
0/5/11/4,0.6824,0.5066,0.6473,106.5,perm,1.0,13,20,0.6538,0.6945,0.6484,-0.3482,-0.2967,-0.3585
0/0/15/1,0.7077,0.5126,0.6066,104.5,perm,1.0,14,16,0.6077,0.6863,0.6868,-0.4265,-0.3269,-0.3235
1/3/8/6,0.6797,0.4824,0.6549,164.0,perm,1.0,15,18,0.6615,0.6516,0.6736,-0.3324,-0.3496,-0.3269
0/0/3/9,0.7005,0.6093,0.6945,122.0,perm,1.0,16,12,0.6995,0.6648,0.678,-0.3022,-0.3482,-0.329
2/4/8/4,0.7033,0.5835,0.6797,154.5,perm,1.0,17,18,0.6577,0.6423,0.6192,-0.3413,-0.3599,-0.3846
5/3/122/110,0.7615,0.6418,0.7643,228.5,perm,1.0,18,240,0.7775,0.7462,0.7918,-0.1813,-0.2315,-0.1717
0/3/3/4,0.7121,0.5956,0.7137,89.0,perm,1.0,19,10,0.7066,0.6604,0.6148,-0.3008,-0.3496,-0.4135
1/4/1/7,0.6115,0.4956,0.6154,124,perm,1.5,10,13,0.6181,0.5934,0.5879,-0.3963,-0.4196,-0.432
0/1/3/8,0.6368,0.4956,0.6275,254.5,perm,1.5,11,12,0.6478,0.6242,0.6099,-0.3599,-0.3922,-0.4121
1/2/2/4,0.6346,0.5423,0.6247,74,perm,1.5,12,9,0.6214,0.6544,0.6456,-0.4121,-0.3688,-0.3826
0/3/4/2,0.633,0.5577,0.6038,215,perm,1.5,13,9,0.6066,0.6555,0.5813,-0.408,-0.3448,-0.4382
0/0/5/1,0.6396,0.5198,0.5956,126.5,perm,1.5,14,6,0.5852,0.5753,0.6192,-0.4554,-0.4657,-0.4135
0/3/3/2,0.5973,0.4791,0.6038,219.5,perm,1.5,15,8,0.6055,0.5879,0.6027,-0.4087,-0.4279,-0.4107
0/0/1/5,0.6698,0.6209,0.6769,46.5,perm,1.5,16,6,0.6709,0.644,0.6505,-0.3139,-0.3736,-0.364
0/1/7/4,0.656,0.6055,0.6522,179.0,perm,1.5,17,12,0.6527,0.6341,0.5478,-0.3448,-0.3681,-0.4725
1/0/7/7,0.6571,0.5907,0.6923,165,perm,1.5,18,15,0.7253,0.6637,0.6286,-0.2658,-0.3324,-0.3771
0/2/2/2,0.6121,0.5681,0.633,101.5,perm,1.5,19,6,0.6242,0.6407,0.5714,-0.399,-0.3798,-0.4684
1/3/0/4,0.5835,0.467,0.5758,149.0,perm,2.0,10,8,0.5852,0.5445,0.5374,-0.4341,-0.4821,-0.4952
0/1/0/2,0.544,0.4566,0.5297,154,perm,2.0,11,3,0.5495,0.5154,0.5467,-0.4842,-0.5288,-0.4897
1/1/1/3,0.606,0.5203,0.6126,129.0,perm,2.0,12,6,0.6077,0.606,0.6126,-0.4265,-0.4348,-0.4231
0/0/3/1,0.6071,0.5027,0.5698,54.0,perm,2.0,13,4,0.5846,0.5835,0.5,-0.4354,-0.4375,-0.5433
0/0/3/1,0.594,0.5275,0.5929,224.5,perm,2.0,14,4,0.5846,0.5819,0.5621,-0.456,-0.4602,-0.487
0/2/0/1,0.5753,0.5247,0.5791,49,perm,2.0,15,3,0.5731,0.556,0.5588,-0.4471,-0.467,-0.4595
0/0/0/3,0.633,0.6187,0.656,269,perm,2.0,16,3,0.6275,0.6214,0.617,-0.397,-0.4032,-0.4073
0/1/2/2,0.6242,0.5747,0.6082,115,perm,2.0,17,5,0.617,0.5956,0.5714,-0.3935,-0.4169,-0.4526
0/0/3/4,0.6462,0.5797,0.6363,194,perm,2.0,18,7,0.6544,0.6093,0.6214,-0.3427,-0.4045,-0.3887
0/1/1/1,0.6324,0.5615,0.6231,159,perm,2.0,19,3,0.628,0.6214,0.5456,-0.4011,-0.41,-0.5014
