bench,seed,arm,tau,acc,bwt,replay,diag
split,0,A,,0.2,-1.0,0,0
split,0,B,,0.9013,-0.1059,240,0
split,0,C,0.2,0.8795,-0.1332,240,258
split,0,B_match,,0.8794,-0.1333,240,0
split,0,D_rand,,0.8578,-0.1674,240,0
split,1,A,,0.2,-1.0,0,0
split,1,B,,0.8799,-0.1431,240,0
split,1,C,0.2,0.8799,-0.1431,240,240
split,1,B_match,,0.8525,-0.1773,240,0
split,1,D_rand,,0.8825,-0.1364,240,0
split,2,A,,0.1944,-1.0,0,0
split,2,B,,0.8906,-0.1262,240,0
split,2,C,0.2,0.8906,-0.1262,240,240
split,2,B_match,,0.866,-0.1605,240,0
split,2,D_rand,,0.877,-0.1399,240,0
split,3,A,,0.1944,-1.0,0,0
split,3,B,,0.9204,-0.082,240,0
split,3,C,0.2,0.9097,-0.0989,240,277
split,3,B_match,,0.9124,-0.0956,240,0
split,3,D_rand,,0.8305,-0.205,240,0
split,4,A,,0.1944,-0.9966,0,0
split,4,B,,0.8659,-0.1468,240,0
split,4,C,0.2,0.863,-0.1538,240,398
split,4,B_match,,0.8442,-0.1809,240,0
split,4,D_rand,,0.7813,-0.256,240,0
perm,0,A,,0.5044,-0.5522,0,0
perm,0,B,,0.7571,-0.2273,240,0
perm,0,C,0.2,0.7335,-0.2445,240,417
perm,0,B_match,,0.7571,-0.2253,240,0
perm,0,D_rand,,0.722,-0.2624,240,0
perm,1,A,,0.4863,-0.5701,0,0
perm,1,B,,0.783,-0.2026,240,0
perm,1,C,0.2,0.783,-0.1944,194,410
perm,1,B_match,,0.7549,-0.2418,194,0
perm,1,D_rand,,0.7462,-0.2466,194,0
perm,2,A,,0.5099,-0.5357,0,0
perm,2,B,,0.756,-0.2184,240,0
perm,2,C,0.2,0.7467,-0.2315,240,342
perm,2,B_match,,0.7511,-0.2212,240,0
perm,2,D_rand,,0.7302,-0.2514,240,0
perm,3,A,,0.5137,-0.5611,0,0
perm,3,B,,0.7868,-0.2163,240,0
perm,3,C,0.2,0.7945,-0.2054,240,307
perm,3,B_match,,0.7879,-0.2163,240,0
perm,3,D_rand,,0.7841,-0.2163,240,0
perm,4,A,,0.4995,-0.5426,0,0
perm,4,B,,0.7654,-0.2019,240,0
perm,4,C,0.2,0.7709,-0.1971,240,294
perm,4,B_match,,0.756,-0.215,240,0
perm,4,D_rand,,0.7599,-0.2122,240,0
