C_per_task,Fl_acc,Ee_acc,Ef_acc,Es_acc,C_median_pos_in_task,bench,tau,seed,replay,C_acc,Bm_acc,Dr_acc,C_bwt,Bm_bwt,Dr_bwt
19/19/13/39,0.8416,0.8333,0.1972,0.7842,71.5,split,0.5,20,90,0.8224,0.7651,0.7076,-0.2184,-0.2936,-0.3585
20/100/60/60,0.8633,0.847,0.1972,0.847,123.5,split,0.5,21,240,0.8661,0.8415,0.8279,-0.1571,-0.1946,-0.2116
44/24/34/138,0.8632,0.8739,0.1972,0.8685,162.5,split,0.5,22,240,0.8685,0.8386,0.844,-0.1538,-0.1947,-0.1915
60/32/48/100,0.8822,0.8794,0.1944,0.8605,119.0,split,0.5,23,240,0.8795,0.863,0.8221,-0.1367,-0.1607,-0.2119
14/25/16/47,0.8334,0.8335,0.2,0.8636,89.0,split,0.5,24,102,0.8662,0.7737,0.8581,-0.1603,-0.2795,-0.1739
43/57/80/60,0.8577,0.8304,0.1887,0.8113,119.0,split,0.5,25,240,0.8495,0.8331,0.784,-0.1673,-0.1877,-0.2491
60/27/21/132,0.8825,0.8796,0.1972,0.8851,154.5,split,0.5,26,240,0.8851,0.8744,0.8689,-0.1365,-0.157,-0.1639
26/20/31/67,0.8634,0.8634,0.2,0.9014,111.5,split,0.5,27,144,0.8632,0.836,0.7814,-0.1605,-0.198,-0.2698
60/60/60/60,0.8549,0.8386,0.1972,0.8304,151.5,split,0.5,28,240,0.855,0.8386,0.863,-0.1743,-0.1948,-0.1573
14/21/18/39,0.8034,0.8443,0.2,0.7133,76.5,split,0.5,29,92,0.8335,0.7842,0.8906,-0.2047,-0.2663,-0.1228
15/15/12/31,0.7705,0.795,0.1972,0.7596,64,split,0.75,20,73,0.757,0.713,0.6504,-0.2931,-0.3553,-0.4335
12/84/84/60,0.8633,0.847,0.1972,0.847,159.0,split,0.75,21,240,0.8606,0.8415,0.8279,-0.1605,-0.1946,-0.2116
14/18/20/57,0.8058,0.8549,0.1915,0.8194,109,split,0.75,22,109,0.8386,0.803,0.5628,-0.1982,-0.2427,-0.543
39/19/19/70,0.8686,0.8658,0.1972,0.8358,144,split,0.75,23,147,0.8877,0.8659,0.7891,-0.1299,-0.1606,-0.2531
12/15/10/30,0.7626,0.7846,0.2,0.8527,69,split,0.75,24,67,0.6972,0.7162,0.6288,-0.3648,-0.3513,-0.4639
28/28/56/115,0.8659,0.8658,0.1887,0.8523,149,split,0.75,25,227,0.8657,0.8495,0.7948,-0.1399,-0.1673,-0.2356
34/18/11/59,0.8608,0.8498,0.2,0.8361,121.5,split,0.75,26,122,0.8908,0.7924,0.8252,-0.1365,-0.2595,-0.2185
17/14/18/45,0.8114,0.8031,0.1972,0.8956,91.5,split,0.75,27,94,0.8902,0.735,0.6532,-0.1126,-0.3243,-0.4266
60/44/34/84,0.8522,0.8604,0.1972,0.8413,164.0,split,0.75,28,222,0.8712,0.8495,0.8713,-0.1505,-0.1812,-0.1504
12/15/13/26,0.7896,0.787,0.2,0.6341,61.5,split,0.75,29,66,0.7077,0.7242,0.8441,-0.3619,-0.3379,-0.1915
11/11/10/29,0.7789,0.7513,0.2,0.7295,69,split,1.0,20,61,0.7846,0.7078,0.6804,-0.1636,-0.3618,-0.3924
9/19/20/66,0.8223,0.8551,0.1972,0.866,126.5,split,1.0,21,114,0.8906,0.7705,0.7759,-0.1297,-0.28,-0.2766
10/13/13/39,0.7921,0.8195,0.1915,0.7948,84,split,1.0,22,75,0.8251,0.7322,0.4264,-0.2152,-0.3312,-0.7065
23/15/14/45,0.8413,0.8442,0.1944,0.7895,104,split,1.0,23,97,0.8333,0.7974,0.71,-0.2048,-0.2462,-0.3556
9/11/11/24,0.7325,0.7517,0.2,0.7735,69,split,1.0,24,55,0.6615,0.6205,0.5631,-0.4232,-0.4743,-0.5462
18/20/30/65,0.8086,0.8305,0.1887,0.8141,119,split,1.0,25,133,0.8601,0.8112,0.8058,-0.1363,-0.2151,-0.2219
18/12/9/35,0.8059,0.795,0.1972,0.7458,84.0,split,1.0,26,74,0.8742,0.6994,0.7923,-0.1503,-0.3723,-0.2596
13/11/13/36,0.7867,0.8168,0.2,0.866,74,split,1.0,27,73,0.784,0.7431,0.6395,-0.263,-0.3177,-0.4472
25/23/21/45,0.8468,0.8495,0.1972,0.8194,101.5,split,1.0,28,114,0.8604,0.8085,0.7292,-0.1675,-0.2325,-0.3316
10/13/11/23,0.7841,0.7706,0.2,0.5766,64,split,1.0,29,57,0.7815,0.694,0.8632,-0.2731,-0.3825,-0.171
8/9/8/21,0.6393,0.683,0.1972,0.6529,79.0,split,1.5,20,46,0.7652,0.5793,0.6067,-0.2935,-0.5188,-0.4846
6/9/10/24,0.7512,0.7649,0.1972,0.7265,74,split,1.5,21,49,0.7156,0.6501,0.7568,-0.3486,-0.4339,-0.3005
6/8/8/23,0.6856,0.7458,0.1972,0.6993,74,split,1.5,22,45,0.6857,0.6008,0.328,-0.3894,-0.4955,-0.833
15/10/8/25,0.7893,0.7811,0.1944,0.617,81.5,split,1.5,23,58,0.7592,0.7017,0.6169,-0.294,-0.3659,-0.4718
6/8/8/17,0.5574,0.6258,0.2,0.5357,64,split,1.5,24,39,0.4811,0.4645,0.2956,-0.6486,-0.6694,-0.8806
13/13/17/35,0.7731,0.7813,0.1887,0.7512,81.5,split,1.5,25,78,0.8304,0.7074,0.7129,-0.1911,-0.3449,-0.338
10/9/6/22,0.6857,0.7021,0.2,0.6801,79,split,1.5,26,47,0.6037,0.5955,0.5874,-0.4953,-0.5056,-0.5158
9/7/9/21,0.705,0.7379,0.2,0.6013,69.0,split,1.5,27,46,0.6506,0.6288,0.5221,-0.4333,-0.4606,-0.594
11/13/13/25,0.7949,0.8031,0.1972,0.6666,71.5,split,1.5,28,62,0.8408,0.7319,0.5572,-0.1744,-0.3281,-0.5466
8/8/8/17,0.7104,0.6942,0.2,0.3884,64,split,1.5,29,41,0.522,0.5519,0.8604,-0.5975,-0.5601,-0.1605
6/7/6/15,0.5818,0.6282,0.1972,0.5055,71.5,split,2.0,20,34,0.6011,0.5165,0.5902,-0.4951,-0.6008,-0.5123
5/6/7/15,0.6337,0.6747,0.1972,0.6502,84,split,2.0,21,33,0.5437,0.4945,0.7048,-0.5394,-0.6284,-0.3621
4/6/6/16,0.5816,0.609,0.1944,0.5571,71.5,split,2.0,22,32,0.5381,0.516,0.3119,-0.5774,-0.605,-0.8601
11/7/6/17,0.7073,0.6856,0.1944,0.5164,74,split,2.0,23,41,0.5708,0.6198,0.5513,-0.5295,-0.4717,-0.5538
4/6/7/13,0.5028,0.5164,0.2,0.4728,61.5,split,2.0,24,30,0.4155,0.4428,0.2845,-0.7306,-0.6965,-0.8944
9/9/11/23,0.6854,0.6663,0.1887,0.6609,84.0,split,2.0,25,52,0.6335,0.5842,0.5572,-0.4373,-0.4988,-0.5362
7/7/5/16,0.6255,0.6338,0.1972,0.5629,74,split,2.0,26,35,0.5685,0.5138,0.4946,-0.5393,-0.6043,-0.6249
7/5/6/15,0.6559,0.6588,0.2,0.5495,64,split,2.0,27,33,0.5523,0.5386,0.4838,-0.5562,-0.5734,-0.6418
8/9/8/17,0.713,0.7154,0.1972,0.527,76.5,split,2.0,28,42,0.6965,0.5761,0.4752,-0.3725,-0.523,-0.649
6/6/7/13,0.6069,0.5631,0.2,0.3801,76.5,split,2.0,29,32,0.5576,0.4947,0.41,-0.553,-0.6316,-0.7341
5/115/60/60,0.7714,0.7489,0.5423,0.7418,144.0,perm,0.5,20,240,0.7511,0.7582,0.7582,-0.2115,-0.2095,-0.2129
6/114/60/60,0.7769,0.761,0.5247,0.7731,175.5,perm,0.5,21,240,0.772,0.7599,0.7681,-0.1992,-0.2095,-0.2122
52/68/60/60,0.761,0.7489,0.6775,0.744,184.0,perm,0.5,22,240,0.7527,0.7511,0.7571,-0.2081,-0.2266,-0.2177
7/99/74/60,0.7813,0.7681,0.556,0.7522,214.5,perm,0.5,23,240,0.7566,0.7626,0.7533,-0.2129,-0.2019,-0.2136
4/12/139/46,0.7665,0.75,0.5286,0.7533,223,perm,0.5,24,201,0.7654,0.7527,0.7484,-0.2026,-0.2239,-0.2363
2/20/45/63,0.8115,0.8082,0.567,0.8132,169.5,perm,0.5,25,130,0.8159,0.794,0.7912,-0.1641,-0.1916,-0.1909
54/66/31/89,0.8005,0.789,0.6258,0.7824,174.0,perm,0.5,26,240,0.7753,0.7758,0.7852,-0.1841,-0.2054,-0.1909
4/116/60/60,0.7484,0.7319,0.5324,0.7368,162.0,perm,0.5,27,240,0.7451,0.7297,0.7335,-0.2315,-0.2617,-0.2596
60/60/60/60,0.7505,0.7374,0.5429,0.7434,154.0,perm,0.5,28,240,0.7297,0.7374,0.7429,-0.2775,-0.2589,-0.2576
3/6/61/170,0.7698,0.7978,0.606,0.7956,130.5,perm,0.5,29,240,0.7852,0.7709,0.7753,-0.1909,-0.1957,-0.1964
4/116/5/48,0.7582,0.7401,0.5253,0.7495,213,perm,0.75,20,173,0.7643,0.7593,0.7593,-0.1875,-0.2095,-0.2129
3/14/21/25,0.7253,0.7357,0.4978,0.7495,160,perm,0.75,21,63,0.7379,0.7093,0.7005,-0.2459,-0.2782,-0.2912
1/119/60/60,0.761,0.7527,0.6747,0.7626,178.5,perm,0.75,22,240,0.7593,0.7511,0.7571,-0.2163,-0.2266,-0.2177
2/8/25/46,0.7396,0.7698,0.5478,0.7725,145,perm,0.75,23,81,0.767,0.7203,0.7115,-0.2095,-0.2637,-0.2754
6/6/18/11,0.7703,0.7346,0.5236,0.7242,119,perm,0.75,24,41,0.7445,0.7225,0.7044,-0.2376,-0.2679,-0.2891
1/9/9/11,0.7775,0.7643,0.5566,0.7643,89.5,perm,0.75,25,30,0.7566,0.7258,0.7571,-0.2445,-0.2768,-0.2349
5/30/6/60,0.7511,0.7736,0.5577,0.7835,237,perm,0.75,26,101,0.7912,0.7467,0.761,-0.1944,-0.2486,-0.226
3/115/62/60,0.7484,0.7291,0.5445,0.7412,209.0,perm,0.75,27,240,0.7412,0.7297,0.7335,-0.2397,-0.2617,-0.2596
60/60/57/63,0.7505,0.744,0.5418,0.7489,149.0,perm,0.75,28,240,0.7401,0.7374,0.7429,-0.2685,-0.2589,-0.2576
2/4/4/230,0.7698,0.7934,0.6258,0.7874,181.5,perm,0.75,29,240,0.7841,0.7709,0.7753,-0.1827,-0.1957,-0.1964
4/6/3/15,0.6907,0.7209,0.5159,0.7308,190.5,perm,1.0,20,28,0.7357,0.6835,0.7044,-0.2418,-0.3207,-0.2891
1/3/6/12,0.6709,0.6775,0.4978,0.6698,139.5,perm,1.0,21,22,0.6896,0.6104,0.6126,-0.3118,-0.4011,-0.397
2/41/71/4,0.7538,0.7077,0.6203,0.7082,261.5,perm,1.0,22,118,0.7,0.7434,0.733,-0.2926,-0.2459,-0.2493
2/6/8/15,0.7132,0.706,0.5225,0.6929,190,perm,1.0,23,31,0.7187,0.6522,0.6544,-0.2727,-0.3537,-0.3468
5/4/11/6,0.722,0.678,0.5242,0.6709,139.0,perm,1.0,24,26,0.6885,0.7099,0.6978,-0.3063,-0.2857,-0.296
0/7/4/10,0.739,0.7484,0.5335,0.7467,64,perm,1.0,25,21,0.7154,0.7049,0.7071,-0.2926,-0.3063,-0.2988
3/4/6/15,0.6846,0.7121,0.5352,0.7121,199.5,perm,1.0,26,28,0.733,0.644,0.6203,-0.2692,-0.3695,-0.3956
1/18/44/95,0.7582,0.7599,0.561,0.7648,204.5,perm,1.0,27,158,0.7637,0.7346,0.733,-0.2143,-0.2527,-0.2576
53/67/17/103,0.7505,0.7522,0.5451,0.7522,185.0,perm,1.0,28,240,0.7484,0.7374,0.7429,-0.2562,-0.2589,-0.2576
3/2/4/17,0.7082,0.7231,0.5555,0.7198,174.5,perm,1.0,29,26,0.7418,0.6621,0.706,-0.2534,-0.3475,-0.2919
4/0/0/3,0.5956,0.5863,0.5093,0.5929,284,perm,1.5,20,7,0.6253,0.5456,0.6258,-0.3777,-0.4835,-0.3736
1/0/2/4,0.5989,0.617,0.4753,0.617,204,perm,1.5,21,7,0.6269,0.5593,0.5846,-0.3922,-0.4705,-0.4444
0/3/3/3,0.6714,0.6665,0.6115,0.6747,109,perm,1.5,22,9,0.6687,0.6456,0.661,-0.34,-0.3764,-0.353
2/0/5/10,0.6253,0.6621,0.5093,0.6346,129,perm,1.5,23,17,0.6698,0.6286,0.622,-0.3331,-0.388,-0.3929
1/2/4/3,0.6753,0.6797,0.5242,0.6335,94.0,perm,1.5,24,10,0.6615,0.6725,0.5681,-0.3413,-0.3304,-0.4629
0/3/1/7,0.6544,0.6819,0.5236,0.6857,135,perm,1.5,25,11,0.6725,0.628,0.5874,-0.3462,-0.3997,-0.4499
0/0/4/2,0.544,0.5863,0.5077,0.5978,214.0,perm,1.5,26,6,0.6016,0.5456,0.4615,-0.4382,-0.5034,-0.6044
1/3/6/6,0.6236,0.639,0.5231,0.6275,144.5,perm,1.5,27,16,0.6462,0.6291,0.5956,-0.3716,-0.3956,-0.4368
15/10/9/15,0.7319,0.7038,0.5115,0.7082,139,perm,1.5,28,49,0.7049,0.6978,0.7066,-0.3159,-0.3249,-0.3063
1/1/1/8,0.6071,0.6516,0.5203,0.65,194,perm,1.5,29,11,0.6824,0.5989,0.6319,-0.3207,-0.4279,-0.3688
0/2/0/2,0.5599,0.5533,0.517,0.5681,229.5,perm,2.0,20,4,0.5659,0.544,0.5648,-0.4547,-0.4842,-0.4581
0/1/0/2,0.5319,0.556,0.5044,0.5747,159,perm,2.0,21,3,0.5593,0.5115,0.5209,-0.4766,-0.5371,-0.5247
0/0/3/3,0.6368,0.6511,0.611,0.6615,252.5,perm,2.0,22,6,0.6769,0.611,0.6308,-0.3255,-0.4155,-0.3922
2/0/3/4,0.583,0.5929,0.4879,0.5967,151,perm,2.0,23,9,0.5863,0.5687,0.5522,-0.4382,-0.4595,-0.487
1/1/2/2,0.5835,0.5835,0.506,0.5478,119.0,perm,2.0,24,6,0.5912,0.5648,0.4582,-0.4251,-0.4609,-0.5913
0/2/0/3,0.5846,0.6269,0.5319,0.644,99,perm,2.0,25,5,0.6055,0.5659,0.5692,-0.4313,-0.4801,-0.4753
0/0/0/1,0.5665,0.5665,0.5154,0.5615,114,perm,2.0,26,1,0.5588,0.5104,0.5137,-0.4897,-0.5536,-0.5495
0/3/4/2,0.5808,0.5462,0.4956,0.5489,204,perm,2.0,27,9,0.55,0.5786,0.5929,-0.4773,-0.4554,-0.4258
6/3/3/9,0.6549,0.644,0.5247,0.6571,110,perm,2.0,28,21,0.6302,0.6308,0.622,-0.4087,-0.4073,-0.4121
1/0/0/4,0.5874,0.6044,0.5236,0.6027,229,perm,2.0,29,5,0.6192,0.5473,0.5577,-0.4045,-0.4945,-0.456
