bench,seed,arm,tau,acc,bwt,replay,diag
split,0,A,,0.2,-1.0,0,0
split,0,B,,0.9233,-0.0751,240,0
split,0,C,0.2,0.9233,-0.0751,240,301
split,0,B_match,,0.9125,-0.0921,240,0
split,0,D_rand,,0.8824,-0.1297,240,0
split,1,A,,0.2,-1.0,0,0
split,1,B,,0.9208,-0.092,240,0
split,1,C,0.2,0.9127,-0.1022,240,284
split,1,B_match,,0.899,-0.1194,240,0
split,1,D_rand,,0.9152,-0.092,240,0
split,2,A,,0.1944,-1.0,0,0
split,2,B,,0.8823,-0.1297,240,0
split,2,C,0.2,0.8823,-0.1297,240,240
split,2,B_match,,0.8551,-0.1708,240,0
split,2,D_rand,,0.8739,-0.1367,240,0
split,3,A,,0.1944,-1.0,0,0
split,3,B,,0.9152,-0.0955,240,0
split,3,C,0.2,0.918,-0.099,240,382
split,3,B_match,,0.9071,-0.1126,240,0
split,3,D_rand,,0.8414,-0.1914,240,0
split,4,A,,0.1944,-0.9966,0,0
split,4,B,,0.8686,-0.1504,240,0
split,4,C,0.2,0.852,-0.1605,240,421
split,4,B_match,,0.8466,-0.1709,240,0
split,4,D_rand,,0.8029,-0.229,240,0
perm,0,A,,0.5044,-0.5522,0,0
perm,0,B,,0.7368,-0.2548,240,0
perm,0,C,0.1,0.7324,-0.263,240,362
perm,0,B_match,,0.7319,-0.2624,240,0
perm,0,D_rand,,0.744,-0.2383,240,0
perm,1,A,,0.4863,-0.5701,0,0
perm,1,B,,0.8264,-0.1511,240,0
perm,1,C,0.1,0.811,-0.1683,240,325
perm,1,B_match,,0.828,-0.1442,240,0
perm,1,D_rand,,0.8192,-0.1573,240,0
perm,2,A,,0.5099,-0.5357,0,0
perm,2,B,,0.7632,-0.204,240,0
perm,2,C,0.1,0.7758,-0.1923,240,352
perm,2,B_match,,0.7709,-0.1964,240,0
perm,2,D_rand,,0.7648,-0.2005,240,0
perm,3,A,,0.5137,-0.5611,0,0
perm,3,B,,0.7868,-0.2163,240,0
perm,3,C,0.1,0.7824,-0.2198,240,289
perm,3,B_match,,0.7962,-0.2026,240,0
perm,3,D_rand,,0.7852,-0.2102,240,0
perm,4,A,,0.4995,-0.5426,0,0
perm,4,B,,0.767,-0.2047,240,0
perm,4,C,0.1,0.7659,-0.2033,240,248
perm,4,B_match,,0.7676,-0.1978,240,0
perm,4,D_rand,,0.7643,-0.2095,240,0
